{"cameraMode":{"drawMode":0,"name":"Shaded","section":"Shading Mode"},"sceneLighting":false,"audioPlay":false,"sceneViewState":{"showFog":true,"showMaterialUpdate":false,"showSkybox":true,"showFlares":true,"showImageEffects":true,"showParticleSystems":true},"in2DMode":false,"pivot":{"x":-0.45741742849349978,"y":0.36432433128356936,"z":-23.25470542907715},"rotation":{"x":0.39637991786003115,"y":-0.3845725655555725,"z":0.1876755952835083,"w":0.8122590780258179},"size":2.651660203933716,"orthographic":false}