{"cameraMode":{"drawMode":0,"name":"Shaded","section":"Shading Mode"},"sceneLighting":false,"audioPlay":false,"sceneViewState":{"showFog":true,"showMaterialUpdate":false,"showSkybox":true,"showFlares":true,"showImageEffects":true,"showParticleSystems":true},"in2DMode":false,"pivot":{"x":-1.5970549583435059,"y":-8.911759376525879,"z":18.384849548339845},"rotation":{"x":0.31062355637550356,"y":-0.20153269171714784,"z":0.06757432222366333,"w":0.9264617562294006},"size":21.24331283569336,"orthographic":false}