{"cameraMode":{"drawMode":0,"name":"Shaded","section":"Shading Mode"},"sceneLighting":false,"audioPlay":false,"sceneViewState":{"showFog":true,"showMaterialUpdate":false,"showSkybox":true,"showFlares":true,"showImageEffects":true,"showParticleSystems":true},"in2DMode":false,"pivot":{"x":959.0,"y":499.4999694824219,"z":-185.53915405273438},"rotation":{"x":-0.00449997978284955,"y":0.0014999867416918278,"z":-0.000006749995009158738,"w":-0.9999887943267822},"size":792.8413696289063,"orthographic":false}