{"cameraMode":{"drawMode":0,"name":"Shaded","section":"Shading Mode"},"sceneLighting":false,"audioPlay":false,"sceneViewState":{"showFog":true,"showMaterialUpdate":false,"showSkybox":true,"showFlares":true,"showImageEffects":true,"showParticleSystems":true},"in2DMode":false,"pivot":{"x":-5.360000133514404,"y":-0.008000001311302185,"z":7.150000095367432},"rotation":{"x":0.0675128623843193,"y":0.8708984851837158,"z":-0.47049054503440859,"w":0.12496643513441086},"size":6.795722961425781,"orthographic":false}