{"cameraMode":{"drawMode":0,"name":"Shaded","section":"Shading Mode"},"sceneLighting":true,"audioPlay":false,"sceneViewState":{"showFog":true,"showMaterialUpdate":false,"showSkybox":true,"showFlares":true,"showImageEffects":true,"showParticleSystems":true},"in2DMode":false,"pivot":{"x":-40.128021240234378,"y":-38.98371505737305,"z":-39.18140411376953},"rotation":{"x":-0.12119891494512558,"y":0.8737383484840393,"z":-0.2790168225765228,"w":-0.3795284926891327},"size":94.09184265136719,"orthographic":false}