{"cameraMode":{"drawMode":0,"name":"Shaded","section":"Shading Mode"},"sceneLighting":false,"audioPlay":false,"sceneViewState":{"showFog":true,"showMaterialUpdate":false,"showSkybox":true,"showFlares":true,"showImageEffects":true,"showParticleSystems":true},"in2DMode":false,"pivot":{"x":-3.8915793895721437,"y":5.797812461853027,"z":-0.6918206214904785},"rotation":{"x":0.39637991786003115,"y":-0.3845725655555725,"z":0.1876755952835083,"w":0.8122590780258179},"size":15.8433256149292,"orthographic":false}