{"cameraMode":{"drawMode":0,"name":"Shaded","section":"Shading Mode"},"sceneLighting":false,"audioPlay":false,"sceneViewState":{"showFog":true,"showMaterialUpdate":false,"showSkybox":true,"showFlares":true,"showImageEffects":true,"showParticleSystems":true},"in2DMode":false,"pivot":{"x":15.15732192993164,"y":1.8434979915618897,"z":1.1992464065551758},"rotation":{"x":-0.018866851925849916,"y":-0.9042839407920837,"z":0.42461830377578738,"w":-0.040172647684812549},"size":7.667431831359863,"orthographic":false}