{"cameraMode":{"drawMode":0,"name":"Shaded","section":"Shading Mode"},"sceneLighting":false,"audioPlay":false,"sceneViewState":{"showFog":true,"showMaterialUpdate":false,"showSkybox":true,"showFlares":true,"showImageEffects":true,"showParticleSystems":true},"in2DMode":false,"pivot":{"x":-0.2931147515773773,"y":-0.2531846761703491,"z":0.9587370753288269},"rotation":{"x":0.21602694690227509,"y":-0.41292157769203188,"z":0.10149183869361878,"w":0.8789354562759399},"size":3.717594861984253,"orthographic":false}