{"cameraMode":{"drawMode":0,"name":"Shaded","section":"Shading Mode"},"sceneLighting":true,"audioPlay":false,"sceneViewState":{"showFog":true,"showMaterialUpdate":false,"showSkybox":true,"showFlares":true,"showImageEffects":true,"showParticleSystems":true},"in2DMode":false,"pivot":{"x":14.100345611572266,"y":17.688400268554689,"z":20.73179817199707},"rotation":{"x":0.2323889136314392,"y":-0.7009795308113098,"z":0.2622557282447815,"w":0.6211642622947693},"size":4.041658401489258,"orthographic":false}