{"cameraMode":{"drawMode":0,"name":"Shaded","section":"Shading Mode"},"sceneLighting":false,"audioPlay":false,"sceneViewState":{"showFog":true,"showMaterialUpdate":false,"showSkybox":true,"showFlares":true,"showImageEffects":true,"showParticleSystems":true},"in2DMode":false,"pivot":{"x":1.482877492904663,"y":2.264998435974121,"z":-2.3423478603363039},"rotation":{"x":-0.06568188220262528,"y":0.9158415198326111,"z":-0.1676071733236313,"w":-0.3589262366294861},"size":0.9031359553337097,"orthographic":false}