{"cameraMode":{"drawMode":0,"name":"Shaded","section":"Shading Mode"},"sceneLighting":false,"audioPlay":false,"sceneViewState":{"showFog":true,"showMaterialUpdate":false,"showSkybox":true,"showFlares":true,"showImageEffects":true,"showParticleSystems":true},"in2DMode":false,"pivot":{"x":-2.1089999675750734,"y":1.8554489612579346,"z":3.823183536529541},"rotation":{"x":0.200330451130867,"y":0.3059142529964447,"z":-0.06600800901651383,"w":0.9284003376960754},"size":8.268778800964356,"orthographic":false}