{"cameraMode":{"drawMode":0,"name":"Shaded","section":"Shading Mode"},"sceneLighting":false,"audioPlay":false,"sceneViewState":{"showFog":true,"showMaterialUpdate":false,"showSkybox":true,"showFlares":true,"showImageEffects":true,"showParticleSystems":true},"in2DMode":false,"pivot":{"x":15.15732192993164,"y":1.8434979915618897,"z":1.1992464065551758},"rotation":{"x":-0.04178359732031822,"y":-0.9578670263290405,"z":0.1872008740901947,"w":-0.21377739310264588},"size":7.667431831359863,"orthographic":false}