{"cameraMode":{"drawMode":0,"name":"Shaded","section":"Shading Mode"},"sceneLighting":false,"audioPlay":false,"sceneViewState":{"showFog":true,"showMaterialUpdate":false,"showSkybox":true,"showFlares":true,"showImageEffects":true,"showParticleSystems":true},"in2DMode":false,"pivot":{"x":1358.498046875,"y":539.1013793945313,"z":39.12470626831055},"rotation":{"x":-0.026995671913027765,"y":0.008996586315333844,"z":-0.00024296878837049007,"w":-0.999595046043396},"size":1341.4112548828125,"orthographic":true}