{"cameraMode":{"drawMode":0,"name":"Shaded","section":"Shading Mode"},"sceneLighting":false,"audioPlay":false,"sceneViewState":{"showFog":true,"showMaterialUpdate":false,"showSkybox":true,"showFlares":true,"showImageEffects":true,"showParticleSystems":true},"in2DMode":false,"pivot":{"x":7.963428497314453,"y":5.2949934005737309,"z":14.73606014251709},"rotation":{"x":-0.01653393730521202,"y":0.9798002243041992,"z":-0.09148019552230835,"w":-0.17705820500850678},"size":8.17577838897705,"orthographic":false}