{"cameraMode":{"drawMode":0,"name":"Shaded","section":"Shading Mode"},"sceneLighting":false,"audioPlay":false,"sceneViewState":{"showFog":true,"showMaterialUpdate":false,"showSkybox":true,"showFlares":true,"showImageEffects":true,"showParticleSystems":true},"in2DMode":false,"pivot":{"x":1.1097766160964966,"y":-0.075530506670475,"z":0.42114657163619997},"rotation":{"x":0.018190758302807809,"y":0.6331232190132141,"z":-0.014881692826747895,"w":0.7736942172050476},"size":2.1851656436920168,"orthographic":false}