{"cameraMode":{"drawMode":0,"name":"Shaded","section":"Shading Mode"},"sceneLighting":true,"audioPlay":false,"sceneViewState":{"showFog":true,"showMaterialUpdate":false,"showSkybox":true,"showFlares":true,"showImageEffects":true,"showParticleSystems":true},"in2DMode":false,"pivot":{"x":-1.1920928955078126e-7,"y":0.9939430952072144,"z":-4.619999885559082},"rotation":{"x":0.1746104210615158,"y":0.8186752796173096,"z":-0.32461950182914736,"w":0.4403456747531891},"size":7.497369289398193,"orthographic":false}