{"cameraMode":{"drawMode":0,"name":"Shaded","section":"Shading Mode"},"sceneLighting":false,"audioPlay":false,"sceneViewState":{"showFog":true,"showMaterialUpdate":false,"showSkybox":true,"showFlares":true,"showImageEffects":true,"showParticleSystems":true},"in2DMode":false,"pivot":{"x":5.043576240539551,"y":0.3285306990146637,"z":12.029644012451172},"rotation":{"x":-0.14996446669101716,"y":0.2652069330215454,"z":-0.04179873690009117,"w":-0.9515402913093567},"size":1.4876495599746705,"orthographic":false}