{"cameraMode":{"drawMode":0,"name":"Shaded","section":"Shading Mode"},"sceneLighting":true,"audioPlay":false,"sceneViewState":{"showFog":true,"showMaterialUpdate":false,"showSkybox":true,"showFlares":true,"showImageEffects":true,"showParticleSystems":true},"in2DMode":false,"pivot":{"x":3.757999897003174,"y":10.394000053405762,"z":3.313999891281128},"rotation":{"x":-0.26421716809272768,"y":0.38359037041664126,"z":-0.11552406847476959,"w":-0.8773266077041626},"size":22.0,"orthographic":false}