{"cameraMode":{"drawMode":0,"name":"Shaded","section":"Shading Mode"},"sceneLighting":false,"audioPlay":false,"sceneViewState":{"showFog":true,"showMaterialUpdate":false,"showSkybox":true,"showFlares":true,"showImageEffects":true,"showParticleSystems":true},"in2DMode":false,"pivot":{"x":-75.76856231689453,"y":85.08586883544922,"z":-25.642864227294923},"rotation":{"x":-0.038238465785980228,"y":0.9617599844932556,"z":-0.19147831201553346,"w":-0.19207192957401277},"size":22.0,"orthographic":false}