{"cameraMode":{"drawMode":0,"name":"Shaded","section":"Shading Mode"},"sceneLighting":false,"audioPlay":false,"sceneViewState":{"showFog":true,"showMaterialUpdate":false,"showSkybox":true,"showFlares":true,"showImageEffects":true,"showParticleSystems":true},"in2DMode":false,"pivot":{"x":-0.6284348368644714,"y":4.161884307861328,"z":5.613409996032715},"rotation":{"x":-0.0005187715287320316,"y":-0.9695038795471191,"z":0.24506665766239167,"w":-0.0020646811462938787},"size":3.7505600452423097,"orthographic":false}