{"cameraMode":{"drawMode":0,"name":"Shaded","section":"Shading Mode"},"sceneLighting":false,"audioPlay":false,"sceneViewState":{"showFog":true,"showMaterialUpdate":false,"showSkybox":true,"showFlares":true,"showImageEffects":true,"showParticleSystems":true},"in2DMode":false,"pivot":{"x":-0.8885350227355957,"y":-7.276811599731445,"z":17.597572326660158},"rotation":{"x":0.286993145942688,"y":-0.20178861916065217,"z":0.06198332831263542,"w":0.9343844652175903},"size":21.24331283569336,"orthographic":false}