{"cameraMode":{"drawMode":0,"name":"Shaded","section":"Shading Mode"},"sceneLighting":false,"audioPlay":false,"sceneViewState":{"showFog":true,"showMaterialUpdate":false,"showSkybox":true,"showFlares":true,"showImageEffects":true,"showParticleSystems":true},"in2DMode":false,"pivot":{"x":12.891886711120606,"y":1.3854420185089112,"z":18.180221557617189},"rotation":{"x":-0.028298642486333848,"y":0.9547656774520874,"z":-0.2798224091529846,"w":-0.09654650092124939},"size":9.97111988067627,"orthographic":false}