{"cameraMode":{"drawMode":0,"name":"Shaded","section":"Shading Mode"},"sceneLighting":false,"audioPlay":false,"sceneViewState":{"showFog":true,"showMaterialUpdate":false,"showSkybox":true,"showFlares":true,"showImageEffects":true,"showParticleSystems":true},"in2DMode":false,"pivot":{"x":-1.5330331325531006,"y":1.6077289581298829,"z":-21.464107513427736},"rotation":{"x":-0.04178359732031822,"y":-0.9578670263290405,"z":0.1872008740901947,"w":-0.21377739310264588},"size":2.651660203933716,"orthographic":false}