{"cameraMode":{"drawMode":0,"name":"Shaded","section":"Shading Mode"},"sceneLighting":false,"audioPlay":false,"sceneViewState":{"showFog":true,"showMaterialUpdate":false,"showSkybox":true,"showFlares":true,"showImageEffects":true,"showParticleSystems":true},"in2DMode":false,"pivot":{"x":13.187342643737793,"y":12.292802810668946,"z":32.76371383666992},"rotation":{"x":-0.02753174863755703,"y":0.9719806909561157,"z":-0.17998123168945313,"w":-0.1486690491437912},"size":9.97111988067627,"orthographic":false}