{"cameraMode":{"drawMode":0,"name":"Shaded","section":"Shading Mode"},"sceneLighting":false,"audioPlay":false,"sceneViewState":{"showFog":true,"showMaterialUpdate":false,"showSkybox":true,"showFlares":true,"showImageEffects":true,"showParticleSystems":true},"in2DMode":false,"pivot":{"x":-1.3810319900512696,"y":-9.585834503173829,"z":-13.898674964904786},"rotation":{"x":-0.35321134328842165,"y":0.0005605788319371641,"z":-0.00021658928017131984,"w":-0.9355433583259583},"size":15.8433256149292,"orthographic":false}