{"cameraMode":{"drawMode":0,"name":"Shaded","section":"Shading Mode"},"sceneLighting":false,"audioPlay":false,"sceneViewState":{"showFog":true,"showMaterialUpdate":false,"showSkybox":true,"showFlares":true,"showImageEffects":true,"showParticleSystems":true},"in2DMode":false,"pivot":{"x":-1.3694977760314942,"y":-2.189162015914917,"z":4.377060413360596},"rotation":{"x":-0.19588309526443482,"y":0.13221226632595063,"z":-0.02666855789721012,"w":-0.971307635307312},"size":8.268778800964356,"orthographic":false}