{"cameraMode":{"drawMode":0,"name":"Shaded","section":"Shading Mode"},"sceneLighting":false,"audioPlay":false,"sceneViewState":{"showFog":true,"showMaterialUpdate":false,"showSkybox":true,"showFlares":true,"showImageEffects":true,"showParticleSystems":true},"in2DMode":false,"pivot":{"x":-2.0947043895721437,"y":1.4610693454742432,"z":-11.855945587158204},"rotation":{"x":-0.006478484254330397,"y":0.010801698081195355,"z":0.00007205697329482064,"w":0.9999207258224487},"size":8.268778800964356,"orthographic":false}