{"cameraMode":{"drawMode":0,"name":"Shaded","section":"Shading Mode"},"sceneLighting":false,"audioPlay":false,"sceneViewState":{"showFog":true,"showMaterialUpdate":false,"showSkybox":true,"showFlares":true,"showImageEffects":true,"showParticleSystems":true},"in2DMode":false,"pivot":{"x":-5.885000228881836,"y":1.2899999618530274,"z":3.947999954223633},"rotation":{"x":0.1509101688861847,"y":-0.6780192255973816,"z":0.1452280431985855,"w":0.7045743465423584},"size":3.1416585445404054,"orthographic":false}