{"cameraMode":{"drawMode":0,"name":"Shaded","section":"Shading Mode"},"sceneLighting":false,"audioPlay":false,"sceneViewState":{"showFog":true,"showMaterialUpdate":false,"showSkybox":true,"showFlares":true,"showImageEffects":true,"showParticleSystems":true},"in2DMode":false,"pivot":{"x":-2.20743727684021,"y":-0.2737154960632324,"z":5.719432353973389},"rotation":{"x":0.1736851930618286,"y":-0.6020453572273254,"z":0.767335832118988,"w":0.13627414405345918},"size":8.268778800964356,"orthographic":false}