{"cameraMode":{"drawMode":0,"name":"Shaded","section":"Shading Mode"},"sceneLighting":false,"audioPlay":false,"sceneViewState":{"showFog":true,"showMaterialUpdate":false,"showSkybox":true,"showFlares":true,"showImageEffects":true,"showParticleSystems":true},"in2DMode":false,"pivot":{"x":-8.033652305603028,"y":2.2016172409057619,"z":7.6255974769592289},"rotation":{"x":0.26831644773483279,"y":0.07534235715866089,"z":-0.021049996837973596,"w":0.960149347782135},"size":4.041658401489258,"orthographic":false}